{
  "model_name": "xgboost",
  "dataset": "FD001",
  "rul_prediction": 54.7031135559082,
  "feature_importances": {
    "s_15_roll10_mean": 7.309607982635498,
    "s_4_roll10_mean": 6.079668045043945,
    "s_15_roll5_mean": 5.6656060218811035,
    "s_4_roll5_mean": 2.4804584980010986,
    "s_7_roll10_mean": 2.308499813079834,
    "s_9_roll10_mean": 1.8316130638122559,
    "s_12_roll5_mean": 1.7364509105682373,
    "s_20_roll5_mean": 1.7358227968215942,
    "s_21_roll5_mean": 1.7174592018127441,
    "s_14_roll10_mean": 1.6988965272903442,
    "s_3_roll5_mean": 1.4372302293777466,
    "s_9_roll5_mean": 1.3813928365707397,
    "s_4_roll10_std": 1.3686575889587402,
    "s_8_roll10_mean": 1.16703462600708,
    "s_13_roll10_mean": 1.1552079916000366,
    "s_14_roll5_mean": 0.9524872899055481,
    "s_17_roll5_mean": 0.9395968914031982,
    "s_12": 0.89865642786026,
    "s_8_roll10_std": 0.8789404034614563,
    "s_20_roll10_std": 0.8767880201339722,
    "s_11_roll10_mean": 0.8049851655960083,
    "s_21_roll10_mean": 0.785627543926239,
    "s_13_roll5_mean": 0.7679315805435181,
    "s_7_roll10_std": 0.7655038237571716,
    "s_8": 0.6962557435035706,
    "s_21_roll10_std": 0.6947043538093567,
    "s_3_roll10_mean": 0.6941204071044922,
    "s_13_roll10_std": 0.6612858772277832,
    "s_8_roll5_mean": 0.656425416469574,
    "s_14_roll10_std": 0.6456627249717712,
    "s_2_roll10_mean": 0.6391108632087708,
    "s_7": 0.6128339767456055,
    "setting_1": 0.5252410173416138,
    "s_17_roll10_std": 0.5051049590110779,
    "s_13": 0.4465612471103668,
    "s_11_roll10_std": 0.4443278908729553,
    "s_15": 0.44287148118019104,
    "s_11_roll5_mean": 0.41236189007759094,
    "s_2_roll5_mean": 0.4052961468696594,
    "s_7_roll5_std": 0.37398597598075867,
    "s_20": 0.35491958260536194,
    "s_14": 0.2611601650714874,
    "s_20_roll10_mean": 0.24759601056575775,
    "s_8_roll5_std": 0.2153005599975586,
    "s_15_roll10_std": 0.20067201554775238,
    "s_3_roll10_std": 0.1998891830444336,
    "s_14_roll5_std": 0.18497560918331146,
    "s_20_roll5_std": 0.17259909212589264,
    "s_3": 0.17094755172729492,
    "s_12_roll10_std": 0.15787312388420105,
    "s_9_roll10_std": 0.15592607855796814,
    "s_9": 0.14182434976100922,
    "s_3_roll5_std": 0.14045365154743195,
    "s_2_roll5_std": 0.12733396887779236,
    "s_17_roll5_std": 0.12457115948200226,
    "s_21": 0.11295348405838013,
    "s_4": 0.10692296177148819,
    "s_17": 0.10646223276853561,
    "s_2": 0.1064135804772377,
    "s_7_roll5_mean": 0.0807541087269783,
    "s_9_roll5_std": 0.07848517596721649,
    "s_12_roll5_std": 0.07766635715961456,
    "s_17_roll10_mean": 0.07633062452077866,
    "s_4_roll5_std": 0.07011783868074417,
    "s_12_roll10_mean": 0.06073879823088646,
    "s_15_roll5_std": 0.049242544919252396,
    "s_11": 0.048616938292980194,
    "s_21_roll5_std": 0.04295676574110985,
    "s_2_roll10_std": 0.030428504571318626,
    "setting_2": 0.0227618720382452,
    "s_13_roll5_std": 0.0050589353777468204,
    "s_11_roll5_std": 0.004965545143932104,
    "setting_3": 0.0
  },
  "shap_values_full": null,
  "explanation_metadata": {
    "explainer_type": "TreeExplainer",
    "background_n": 0,
    "shap_values_1d": [
      -0.5252410173416138,
      0.0227618720382452,
      0.0,
      -0.1064135804772377,
      -0.17094755172729492,
      -0.10692296177148819,
      0.6128339767456055,
      -0.6962557435035706,
      0.14182434976100922,
      0.048616938292980194,
      -0.89865642786026,
      -0.4465612471103668,
      0.2611601650714874,
      -0.44287148118019104,
      -0.10646223276853561,
      -0.35491958260536194,
      0.11295348405838013,
      0.4052961468696594,
      -1.4372302293777466,
      -2.4804584980010986,
      -0.0807541087269783,
      -0.656425416469574,
      1.3813928365707397,
      0.41236189007759094,
      -1.7364509105682373,
      -0.7679315805435181,
      0.9524872899055481,
      -5.6656060218811035,
      -0.9395968914031982,
      -1.7358227968215942,
      -1.7174592018127441,
      0.12733396887779236,
      0.14045365154743195,
      0.07011783868074417,
      -0.37398597598075867,
      0.2153005599975586,
      -0.07848517596721649,
      -0.004965545143932104,
      -0.07766635715961456,
      0.0050589353777468204,
      0.18497560918331146,
      -0.049242544919252396,
      0.12457115948200226,
      -0.17259909212589264,
      -0.04295676574110985,
      -0.6391108632087708,
      -0.6941204071044922,
      -6.079668045043945,
      2.308499813079834,
      -1.16703462600708,
      -1.8316130638122559,
      0.8049851655960083,
      0.06073879823088646,
      1.1552079916000366,
      1.6988965272903442,
      -7.309607982635498,
      0.07633062452077866,
      -0.24759601056575775,
      -0.785627543926239,
      -0.030428504571318626,
      -0.1998891830444336,
      1.3686575889587402,
      -0.7655038237571716,
      -0.8789404034614563,
      -0.15592607855796814,
      -0.4443278908729553,
      0.15787312388420105,
      -0.6612858772277832,
      0.6456627249717712,
      0.20067201554775238,
      -0.5051049590110779,
      -0.8767880201339722,
      -0.6947043538093567
    ],
    "explained_at": "2026-07-06T07:44:55.016320+00:00"
  }
}